<?xml version="1.0" encoding="UTF-8"?>
<!DOCTYPE hibernate-mapping PUBLIC "-//Hibernate/Hibernate Mapping DTD 3.0//EN" "http://hibernate.sourceforge.net/hibernate-mapping-3.0.dtd" >
<hibernate-mapping>

<class table="addteam" name="crimeManagementSystem.AddTeam">


<id name="id" >

<generator class="increment"></generator>
</id>
<property name="nameofteam"></property>
<property name="leadingofficername"></property>
<property name="officeaddress"></property>
<property name="email"></property>
<property name="selectteammembers"></property>


</class>













</hibernate-mapping>