<?xml version="1.0" encoding="UTF-8"?>
<!DOCTYPE hibernate-mapping PUBLIC "-//Hibernate/Hibernate Mapping DTD 3.0//EN" "http://hibernate.sourceforge.net/hibernate-mapping-3.0.dtd" >
<hibernate-mapping>
<class table="firdlts" name="crimeManagementSystem.FirDtls">


<id name="id" >

<generator class="increment"></generator>
</id>
<property name="firregistrationnumber"></property>



<property name="dateofregistration"></property>

<property name="district"></property>

</class>






</hibernate-mapping>