<?xml version="1.0" encoding="UTF-8"?>
<!DOCTYPE hibernate-configuration PUBLIC
		"-//Hibernate/Hibernate Configuration DTD 3.0//EN"
		"http://www.hibernate.org/dtd/hibernate-configuration-3.0.dtd">
<hibernate-configuration>
    
     <session-factory>
            <property name="hbm2ddl.auto">update</property>  
    
        <property name="hibernate.connection.driver_class">com.mysql.jdbc.Driver</property>
        <property name="hibernate.connection.url">jdbc:mysql://localhost:3306/crimefinal</property>
        <property name="hibernate.connection.username">root</property>
        <property name="hibernate.dialect">org.hibernate.dialect.MySQL5Dialect</property>
<mapping resource="Signup.hbm.xml"/>    
    <mapping resource="Officers.hbm.xml"/>
    <mapping resource="AddTeam.hbm.xml"/>
    <mapping resource="ComplaintDtls.hbm.xml"/>
    <mapping resource="fir.hbm.xml"/>
    <mapping  resource="criminal.hbm.xml"/>
    <mapping  resource="postmortum.hbm.xml"/>
     <mapping  resource="MostWanted.hbm.xml"/>
       <mapping  resource="SuspectedCriminals.hbm.xml"/>
    </session-factory>
    
</hibernate-configuration>
