<?xml version="1.0" encoding="UTF-8"?>
<!DOCTYPE hibernate-mapping PUBLIC "-//Hibernate/Hibernate Mapping DTD 3.0//EN" "http://hibernate.sourceforge.net/hibernate-mapping-3.0.dtd" >
<hibernate-mapping>

<class table="mostwanted" name="crimeManagementSystem.MostWanted">


<id name="id" >

<generator class="increment"></generator>
</id>
<property name="policestationname"></property>
<property name="image"></property>
<property name="fullname"></property>
<property name="nickname"></property>
<property name="idproof"></property>
<property name="gender"></property>
<property name="dateofbirth"></property>
<property name="address"></property>
<property name="identifyingmark"></property>
<property name="description"></property>

</class>






















</hibernate-mapping>